{"name":"68ee46c9-ccb5-4706-88bf-d5bbd948098f","id":"/providers/Microsoft.Flow/flows/68ee46c9-ccb5-4706-88bf-d5bbd948098f","type":"Microsoft.Flow/flows","properties":{"apiId":"/providers/Microsoft.PowerApps/apis/shared_logicflows","displayName":"Automatisch antwoord","definition":{"metadata":{"workflowEntityId":null,"processAdvisorMetadata":null,"flowChargedByPaygo":null,"flowclientsuspensionreason":"None","flowclientsuspensiontime":null,"flowclientsuspensionreasondetails":null,"creator":{"id":"a17667da-eb28-4432-a818-b499f79384ad","type":"User","tenantId":"4a68cbcf-1055-4f54-8b1a-1b5612294a1c"},"provisioningMethod":"FromDefinition","failureAlertSubscription":true,"clientLastModifiedTime":"2025-07-25T23:11:19.26969Z","connectionKeySavedTimeKey":"2025-07-25T23:11:19.26969Z","creationSource":"Portal","modifiedSources":"Portal"},"$schema":"https://schema.management.azure.com/providers/Microsoft.Logic/schemas/2016-06-01/workflowdefinition.json#","contentVersion":"undefined","parameters":{"$authentication":{"defaultValue":{},"type":"SecureObject"},"$connections":{"defaultValue":{},"type":"Object"}},"triggers":{"Recurrence":{"recurrence":{"frequency":"Week","interval":"1","startTime":"2025-07-31T23:00:00.000Z","schedule":{"weekDays":["Friday"]}},"type":"Recurrence"}},"actions":{"Automatische_antwoorden_instellen_(V2)":{"runAfter":{},"type":"OpenApiConnection","inputs":{"parameters":{"body/automaticRepliesSetting/status":"Scheduled","body/automaticRepliesSetting/externalAudience":"None","body/automaticRepliesSetting/scheduledStartDateTime/dateTime":"@utcNow()","body/automaticRepliesSetting/scheduledEndDateTime/dateTime":"@addDays(utcNow(),3)"},"host":{"apiId":"/providers/Microsoft.PowerApps/apis/shared_office365","connectionName":"shared_office365","operationId":"SetAutomaticRepliesSetting_V2"},"authentication":"@parameters('$authentication')"}}}},"connectionReferences":{"shared_office365":{"connectionName":"e749e5bf4e074819a69dad90b94a5924","source":"Embedded","id":"/providers/Microsoft.PowerApps/apis/shared_office365","tier":"NotSpecified","apiName":"office365","isProcessSimpleApiReferenceConversionAlreadyDone":false}},"flowFailureAlertSubscribed":false,"isManaged":false}}